[
  {
    "name": "Bar",
    "type": "INSN_IMM",
    "pattern": "42 00 ? B9",
    "disp": -2,
    "immIndex": 0,

    "scanRange": "FooFuncRange"
  },
  {
    "name": "BarPattern",
    "type": "PATTERN_VALIDATE",
    "pattern": "42 00 ? B9",
    "disp": -2,

    "scanRange": "FooFuncRange"
  },
  {
    "name": "BarPatternResult",
    "type": "PATTERN_SINGLE_RESULT",
    "pattern": "42 00 ? B9",
    "disp": -2,

    "scanRange": "FooFuncRange"
  },
  {
    "name": "Baz",
    "type": "FAR_ADDR",
    "pattern": "49 78 44 ? 4A ? 4B",
    "disp": -1,

    "scanRange": "FooFuncRange"
  },
  {
    "name": "Foo",
    "type": "PATTERN_SINGLE_RESULT",
    "pattern": "20 0B C0 EC",

    "scanRange": "BarRange"
  },
  {
    "name": "FooFuncRange",
    "scanRange": [
      {
        "defFnSize": 162,
        "pattern": {
          "pattern": "08 30 00 F0 57 B9",
          "disp": 2
        }
      }
    ]
  },
  {
    "name": "BarRange",
    "scanRange": [
      {
        "pattern": {
          "pattern": "FF F7 8C ED 10 E0"
        }
      }
    ]
  }
]